Scuola;Tipo corso;Corso di laurea - Sede;Classe di laurea;Donne N.;Donne voto medio;Donne durata media;Uomini N.;Uomini voto medio;Uomini durata media;Totale N.;Totale voto medio;Totale durata media
Agraria e Medicina Veterinaria ;Corso di Laurea (DM 270);ANIMAL CARE - TUTELA DEL BENESSERE ANIMALE - LEGNARO (PD);L-38;16;105,3;3,4;2;97,0;4,4;18;104,3;3,5
;;RIASSETTO DEL TERRITORIO E TUTELA DEL PAESAGGIO - LEGNARO (PD);L-21;9;100,1;3,4;24;98,5;4,7;33;99,0;4,3
;;SCIENZE E CULTURA DELLA GASTRONOMIA  - LEGNARO (PD);L/GASTR;19;100,7;3,1;24;101,4;3,1;43;101,1;3,1
;;SCIENZE E CULTURA DELLA GASTRONOMIA E DELLA RISTORAZIONE - LEGNARO (PD);L-26;7;95,6;3,9;9;93,6;4,4;16;94,4;4,2
;;SCIENZE E TECNOLOGIE AGRARIE - LEGNARO (PD);L-25;17;102,4;3,6;61;98,3;3,8;78;99,2;3,8
;;SCIENZE E TECNOLOGIE ALIMENTARI - LEGNARO (PD);L-26;32;99,6;3,8;38;99,5;4,1;70;99,6;4,0
;;SCIENZE E TECNOLOGIE ANIMALI - LEGNARO (PD);L-38;28;100,5;3,6;10;103,0;4,4;38;101,2;3,8
;;SCIENZE E TECNOLOGIE VITICOLE ED ENOLOGICHE - CONEGLIANO (TV);L-25;20;100,1;3,8;29;97,8;3,5;49;98,7;3,6
;;SICUREZZA IGIENICO-SANITARIA DEGLI ALIMENTI - VICENZA;L-38,L-26;30;96,6;4,7;14;98,3;3,7;44;97,2;4,4
;;TECNICA E GESTIONE DELLE PRODUZIONI BIOLOGICHE VEGETALI - LEGNARO (PD);L-25;4;108,3;3,0;6;98,7;3,3;10;102,5;3,2
;;TECNOLOGIE FORESTALI E AMBIENTALI - LEGNARO (PD);L-25;29;98,6;3,7;33;100,8;4,1;62;99,7;3,9
;Corso di Laurea (DM 509);TUTELA E RIASSETTO DEL TERRITORIO - LEGNARO (PD);7;;;;1;87,0;18,1;1;87,0;18,1
;Corso di Laurea Magistrale;BIOTECNOLOGIE PER L'ALIMENTAZIONE - LEGNARO (PD);LM-9;36;103,3;2,7;25;104,2;2,5;61;103,7;2,6
;;FOOD AND HEALTH - LEGNARO (PD);LM-61;32;105,7;2,0;10;106,4;2,2;42;105,8;2,1
;;FOREST SCIENCE - SCIENZE FORESTALI - LEGNARO (PD);LM-73;13;106,3;2,2;22;104,7;2,1;35;105,3;2,1
;;ITALIAN FOOD AND WINE - ALIMENTI E VINI D'ITALIA - LEGNARO (PD);LM-70;28;101,4;2,4;9;96,3;2,8;37;100,2;2,5
;;SCIENZE E TECNOLOGIE AGRARIE - LEGNARO (PD);LM-69;12;104,9;2,4;46;105,1;2,6;58;105,1;2,5
;;SCIENZE E TECNOLOGIE ALIMENTARI - LEGNARO (PD);LM-70;26;105,0;2,4;26;105,2;2,7;52;105,1;2,5
;;SCIENZE E TECNOLOGIE ANIMALI - LEGNARO (PD);LM-86;16;101,6;2,1;10;103,0;2,5;26;102,1;2,2
;;SCIENZE E TECNOLOGIE PER L'AMBIENTE E IL TERRITORIO - LEGNARO (PD);LM-75;2;108,0;2,7;11;104,7;2,5;13;105,2;2,5
;;SCIENZE FORESTALI E AMBIENTALI - LEGNARO (PD);LM-73;17;107,0;3,2;40;106,3;2,9;57;106,5;3,0
;;SUSTAINABLE AGRICULTURE - AGRICOLTURA SOSTENIBILE - LEGNARO (PD);LM-69;21;102,8;2,1;23;99,7;2,8;44;101,2;2,5
;Laurea Magistrale Ciclo Unico 5 anni;MEDICINA VETERINARIA - LEGNARO (PD);LM-42;40;106,6;5,7;17;105,8;6,8;57;106,4;6,0
Agraria e Medicina Veterinaria  Totale;;;;454;102,4;3,3;490;101,6;3,4;944;102,0;3,4
Economia e Scienze politiche;Corso di Laurea (DM 270);DIRITTO DELL'ECONOMIA  - ROVIGO;L-14;28;101,6;3,6;24;99,9;3,5;52;100,8;3,6
;;DIRITTO DELL'ECONOMIA E GOVERNO DELLE ORGANIZZAZIONI - PADOVA;L-14;1;102,0;13,7;1;106,0;14,3;2;104,0;14,0
;;ECONOMIA - PADOVA;L-18;158;98,9;3,2;223;99,0;3,3;381;99,0;3,3
;;ECONOMIA E MANAGEMENT - PADOVA;L-18;1;89,0;9,9;1;89,0;10,4;2;89,0;10,1
;;SCIENZE POLITICHE - PADOVA;L-36;33;100,7;3,7;54;100,0;3,7;87;100,3;3,7
;;SCIENZE POLITICHE, RELAZIONI INTERNAZIONALI, DIRITTI UMANI - PADOVA;L-36;285;102,6;3,4;78;99,1;3,6;363;101,8;3,4
;;SCIENZE POLITICHE, STUDI INTERNAZIONALI ED EUROPEI - PADOVA;L-36;1;106,0;13,3;1;97,0;12,9;2;101,5;13,1
;;SCIENZE POLITICHE, STUDI INTERNAZIONALI, GOVERNO DELLE AMMINISTRAZIONI - PADOVA;L-36;10;93,0;6,5;11;90,1;7,1;21;91,5;6,8
;;SERVIZIO SOCIALE - PADOVA;L-39;48;103,5;3,5;3;107,7;5,9;51;103,7;3,6
;Corso di Laurea Magistrale;BUSINESS ADMINISTRATION - PADOVA;LM-77;31;102,8;2,5;47;102,7;2,6;78;102,7;2,6
;;ECONOMIA E DIRITTO - PADOVA;LM-77;19;104,7;3,0;15;103,9;3,2;34;104,3;3,1
;;ECONOMIA INTERNAZIONALE - PADOVA;LM-56;1;105,0;7,3;;;;1;105,0;7,3
;;ECONOMICS AND FINANCE - PADOVA;LM-56;11;102,4;2,9;36;104,4;2,9;47;103,9;2,9
;;ENTREPRENEURSHIP AND INNOVATION - IMPRENDITORIALITA' E INNOVAZIONE - PADOVA;LM-77;24;99,3;2,8;26;101,8;2,9;50;100,6;2,9
;;EUROPEAN AND GLOBAL STUDIES - PADOVA;LM-90;40;106,1;2,5;20;106,5;2,6;60;106,2;2,5
;;HUMAN RIGHTS AND MULTI-LEVEL GOVERNANCE - PADOVA;LM-52;101;106,2;2,4;11;104,2;2,8;112;106,0;2,4
;;INNOVAZIONE E SERVIZIO SOCIALE - PADOVA;LM-87;47;106,4;2,7;6;108,7;2,6;53;106,7;2,7
;;RELAZIONI INTERNAZIONALI E DIPLOMAZIA - PADOVA;LM-52;34;107,6;2,7;19;107,5;3,2;53;107,6;2,9
;;SCIENZE DEL GOVERNO E POLITICHE PUBBLICHE - PADOVA;LM-63;31;107,0;2,8;19;102,5;3,0;50;105,3;2,9
;;SCIENZE DEL SERVIZIO SOCIALE - PADOVA;LM-87;1;110,0;9,3;;;;1;110,0;9,3
;Corso di Laurea Specialistica;POLITICA INTERNAZIONALE E DIPLOMAZIA - PADOVA;60/S;;;;1;106,0;16,4;1;106,0;16,4
;Corso di Laurea;SCIENZE POLITICHE - PADOVA;;;;;1;89,0;32,0;1;89,0;32,0
Economia e Scienze politiche Totale;;;;905;102,8;3,2;597;100,7;3,4;1.502;102,0;3,3
Giurisprudenza;Corso di Laurea (DM 270);CONSULENTE DEL LAVORO - PADOVA;L-14;87;97,2;4,0;25;92,6;4,1;112;96,2;4,0
;;DIRITTO E TECNOLOGIA - PADOVA;L-14;64;101,0;3,1;43;99,3;3,1;107;100,3;3,1
;Corso di Laurea (DM 509);CONSULENTE DEL LAVORO - PADOVA;2;;;;1;110,0;17,8;1;110,0;17,8
;Laurea Magistrale Ciclo Unico 5 anni;GIURISPRUDENZA - PADOVA;LMG/01;126;102,0;6,9;60;103,4;6,5;186;102,4;6,7
;;GIURISPRUDENZA - TREVISO;LMG/01;10;104,7;8,1;9;104,4;7,6;19;104,6;7,9
;;GIURISPRUDENZA - SEDE DI TREVISO;LMG/01;36;107,5;5,4;18;106,1;5,5;54;107,0;5,4
;Corso di Laurea;GIURISPRUDENZA - PADOVA;;1;84,0;41,1;;;;1;84,0;41,1
Giurisprudenza Totale;;;;324;101,1;5,3;156;101,0;5,2;480;101,1;5,3
Ingegneria;Corso di Laurea (DM 270);INGEGNERIA AEROSPAZIALE - PADOVA;L-9;25;96,7;3,6;136;96,8;3,8;161;96,7;3,8
;;INGEGNERIA BIOMEDICA - PADOVA;L-8;2;83,0;6,9;2;82,0;8,1;4;82,5;7,5
;;INGEGNERIA BIOMEDICA - PADOVA;L-8,L-9;139;99,4;3,3;136;98,0;3,5;275;98,7;3,4
;;INGEGNERIA CHIMICA E DEI MATERIALI - PADOVA;L-9;47;96,8;3,7;86;98,2;3,8;133;97,7;3,7
;;INGEGNERIA CIVILE - PADOVA;L-7;17;96,3;5,6;29;100,1;3,9;46;98,7;4,5
;;INGEGNERIA DELL'ENERGIA - PADOVA;L-9;16;97,0;3,6;121;93,5;4,3;137;93,9;4,2
;;INGEGNERIA DELL'INFORMAZIONE - PADOVA;L-8;19;95,7;4,5;61;95,2;4,3;80;95,3;4,3
;;INGEGNERIA DELL'INNOVAZIONE DEL PRODOTTO - VICENZA;L-9;3;91,7;3,9;20;93,5;4,3;23;93,2;4,2
;;INGEGNERIA ELETTRONICA - PADOVA;L-8;3;96,3;3,5;65;95,4;3,9;68;95,4;3,8
;;INGEGNERIA GESTIONALE - VICENZA;L-9;66;94,0;3,8;177;92,3;4,0;243;92,8;3,9
;;INGEGNERIA INFORMATICA - PADOVA;L-8;13;96,3;3,7;151;98,1;3,6;164;97,9;3,6
;;INGEGNERIA MECCANICA - PADOVA;L-9;13;99,4;3,8;198;92,9;4,1;211;93,3;4,1
;;INGEGNERIA MECCANICA E MECCATRONICA - VICENZA;L-8,L-9;;;;7;81,1;9,4;7;81,1;9,4
;;INGEGNERIA MECCATRONICA - VICENZA;L-8;5;89,8;3,9;72;95,4;4,0;77;95,1;4,0
;;INGEGNERIA PER L'AMBIENTE E IL TERRITORIO - PADOVA;L-7;28;98,0;3,9;28;96,3;4,0;56;97,1;4,0
;;TECNICHE E GESTIONE DELL'EDILIZIA E DEL TERRITORIO - PADOVA;L-23;3;97,3;3,1;6;101,2;4,0;9;99,9;3,7
;Corso di Laurea (DM 509);INGEGNERIA INFORMATICA - PADOVA;9;;;;1;75,0;17,7;1;75,0;17,7
;Corso di Laurea Magistrale;BIOINGEGNERIA - PADOVA;LM-21;137;104,4;2,4;96;102,1;2,6;233;103,5;2,5
;;CHEMICAL AND PROCESS ENGINEERING - PADOVA;LM-22;3;107,0;2,2;14;107,4;2,1;17;107,4;2,1
;;COMPUTER ENGINEERING - PADOVA;LM-32;17;103,8;2,6;68;105,2;2,4;85;104,9;2,5
;;CONTROL SYSTEMS ENGINEERING - PADOVA;LM-25;19;103,7;2,3;55;104,4;2,4;74;104,2;2,4
;;ENERGY ENGINEERING - PADOVA;LM-30;4;110,0;2,2;30;106,8;2,1;34;107,1;2,1
;;ENVIRONMENTAL ENGINEERING - PADOVA;LM-35;17;105,2;2,5;25;103,9;2,6;42;104,4;2,5
;;ICT FOR INTERNET AND MULTIMEDIA - INGEGNERIA PER LE COMUNICAZIONI MULTIMEDIALI E INTERNET - PADOVA;LM-27;37;97,9;2,4;64;104,3;2,6;101;101,9;2,5
;;INGEGNERIA AEROSPAZIALE - PADOVA;LM-20;16;100,9;3,0;97;103,1;2,8;113;102,8;2,9
;;INGEGNERIA CHIMICA E DEI PROCESSI INDUSTRIALI - PADOVA;LM-22;13;101,6;2,7;22;104,6;2,9;35;103,5;2,8
;;INGEGNERIA CIVILE - PADOVA;LM-23;15;106,7;3,9;37;106,5;3,1;52;106,6;3,4
;;INGEGNERIA DEI MATERIALI - PADOVA;LM-53;15;101,9;3,1;27;100,6;2,7;42;101,0;2,8
;;INGEGNERIA DELLA SICUREZZA CIVILE E INDUSTRIALE - PADOVA;LM-26;12;101,3;2,6;28;103,4;2,8;40;102,8;2,7
;;INGEGNERIA DELL'AUTOMAZIONE - PADOVA;LM-25;;;;4;100,0;4,7;4;100,0;4,7
;;INGEGNERIA DELL'ENERGIA ELETTRICA - PADOVA;LM-28;3;108,7;2,7;70;107,0;2,9;73;107,1;2,9
;;INGEGNERIA DELL'INNOVAZIONE DEL PRODOTTO - VICENZA;LM-33;;;;35;101,1;2,8;35;101,1;2,8
;;INGEGNERIA ELETTRONICA - PADOVA;LM-29;4;103,3;2,4;59;105,6;2,6;63;105,5;2,6
;;INGEGNERIA ENERGETICA - PADOVA;LM-30;8;104,9;2,7;43;105,3;3,0;51;105,2;3,0
;;INGEGNERIA GESTIONALE - VICENZA;LM-31;68;105,4;2,3;132;103,2;2,5;200;103,9;2,4
;;INGEGNERIA INFORMATICA - PADOVA;LM-32;;;;9;103,3;4,6;9;103,3;4,6
;;INGEGNERIA MECCANICA - PADOVA;LM-33;18;104,2;2,6;149;101,2;2,8;167;101,5;2,7
;;INGEGNERIA MECCATRONICA - VICENZA;LM-25;;;;35;101,0;2,9;35;101,0;2,9
;;MATERIALS ENGINEERING - PADOVA;LM-53.;1;108,0;2,1;2;108,0;1,6;3;108,0;1,7
;;MATHEMATICAL ENGINEERING - INGEGNERIA MATEMATICA - PADOVA;LM-44;1;110,0;4,8;2;104,5;3,9;3;106,3;4,2
;;MATHEMATICAL ENGINEERING - PADOVA;LM-44;2;102,0;2,7;13;109,2;2,5;15;108,3;2,6
;;SUSTAINABLE TERRITORIAL DEVELOPMENT – CLIMATE CHANGE, DIVERSITY, COOPERATION - PADOVA;LM-81;11;107,4;2,1;1;103,0;2,0;12;107,0;2,1
;;WATER AND GEOLOGICAL RISK ENGINEERING - ROVIGO;LM-35;;;;3;109,3;2,0;3;109,3;2,0
;Laurea Magistrale Ciclo Unico 5 anni;INGEGNERIA EDILE-ARCHITETTURA - PADOVA;LM-4 C.U.;24;107,6;6,3;25;105,5;6,5;49;106,5;6,4
Ingegneria Totale;;;;844;100,8;3,2;2.441;99,3;3,4;3.285;99,7;3,3
Medicina e Chirurgia;Corso di Laurea (DM 270);ASSISTENZA SANITARIA (ABILITANTE ALLA PROFESSIONE SANITARIA DI ASSISTENTE SANITARIO) - CONEGLIANO (TV);L/SNT4;40;103,5;3,2;4;104,5;3,2;44;103,6;3,2
;;DIETISTICA (ABILITANTE ALLA PROFESSIONE SANITARIA DI DIETISTA) - PADOVA;L/SNT3;18;108,8;3,4;2;106,5;3,2;20;108,6;3,4
;;EDUCAZIONE PROFESSIONALE (ABILITANTE ALLA PROFESSIONE SANITARIA DI EDUCATORE PROFESSIONALE) - ROVIGO;L/SNT2;38;99,4;3,4;1;94,0;4,2;39;99,3;3,4
;;FISIOTERAPIA (ABILITANTE ALLA PROFESSIONE SANITARIA DI FISIOTERAPISTA) - CONEGLIANO (TV);L/SNT2;13;107,5;3,4;12;106,1;3,3;25;106,8;3,3
;;FISIOTERAPIA (ABILITANTE ALLA PROFESSIONE SANITARIA DI FISIOTERAPISTA) - PADOVA;L/SNT2;10;108,8;3,3;16;106,1;3,6;26;107,2;3,5
;;FISIOTERAPIA (ABILITANTE ALLA PROFESSIONE SANITARIA DI FISIOTERAPISTA) - SANTORSO;L/SNT2;14;107,8;3,3;4;104,5;3,3;18;107,1;3,3
;;FISIOTERAPIA (ABILITANTE ALLA PROFESSIONE SANITARIA DI FISIOTERAPISTA) - VENEZIA;L/SNT2;8;108,0;3,5;18;107,1;3,5;26;107,3;3,5
;;IGIENE DENTALE (ABILITANTE ALLA PROFESSIONE SANITARIA DI IGIENISTA DENTALE) - TREVISO;L/SNT3;25;108,5;3,2;5;105,4;3,2;30;108,0;3,2
;;INFERMIERISTICA (ABILITANTE ALLA PROFESSIONE SANITARIA DI INFERMIERE) - FELTRE (BL);L/SNT1;56;98,1;3,4;9;98,4;3,3;65;98,2;3,4
;;INFERMIERISTICA (ABILITANTE ALLA PROFESSIONE SANITARIA DI INFERMIERE) - MESTRE (VE);L/SNT1;57;100,9;3,3;13;99,5;3,3;70;100,7;3,3
;;INFERMIERISTICA (ABILITANTE ALLA PROFESSIONE SANITARIA DI INFERMIERE) - MIRANO (VE);L/SNT1;1;88,0;5,6;;;;1;88,0;5,6
;;INFERMIERISTICA (ABILITANTE ALLA PROFESSIONE SANITARIA DI INFERMIERE) - MONSELICE (PD);L/SNT1;49;98,8;3,4;8;97,9;3,6;57;98,7;3,5
;;INFERMIERISTICA (ABILITANTE ALLA PROFESSIONE SANITARIA DI INFERMIERE) - MONTECCHIO PRECALCINO;L/SNT1;45;96,7;3,5;6;90,5;3,6;51;96,0;3,5
;;INFERMIERISTICA (ABILITANTE ALLA PROFESSIONE SANITARIA DI INFERMIERE) - PADOVA;L/SNT1;69;100,6;3,3;14;98,8;3,4;83;100,3;3,3
;;INFERMIERISTICA (ABILITANTE ALLA PROFESSIONE SANITARIA DI INFERMIERE) - PORTOGRUARO (VE);L/SNT1;24;99,0;3,6;4;96,8;3,4;28;98,7;3,6
;;INFERMIERISTICA (ABILITANTE ALLA PROFESSIONE SANITARIA DI INFERMIERE) - ROVIGO;L/SNT1;41;99,7;3,4;14;96,7;3,5;55;98,9;3,4
;;INFERMIERISTICA (ABILITANTE ALLA PROFESSIONE SANITARIA DI INFERMIERE) - TREVISO;L/SNT1;73;100,5;3,5;9;102,6;3,4;82;100,7;3,5
;;LOGOPEDIA (ABILITANTE ALLA PROFESSIONE SANITARIA DI LOGOPEDISTA) - PADOVA;L/SNT2;23;106,8;3,5;5;102,6;4,4;28;106,1;3,6
;;ORTOTTICA ED ASSISTENZA OFTALMOLOGICA (ABILITANTE ALLA PROFESSIONE SANITARIA DI ORTOTTISTA ED ASSISTENTE DI OFTALMOLOGIA) - PADOVA;L/SNT2;5;106,0;3,2;3;109,3;3,2;8;107,3;3,2
;;OSTETRICIA (ABILITANTE ALLA PROFESSIONE SANITARIA DI OSTETRICA/O) - PADOVA;L/SNT1;9;107,2;3,4;;;;9;107,2;3,4
;;OSTETRICIA (ABILITANTE ALLA PROFESSIONE SANITARIA DI OSTETRICA/O) - TREVISO;L/SNT1;8;109,3;3,2;;;;8;109,3;3,2
;;OSTETRICIA (ABILITANTE ALLA PROFESSIONE SANITARIA DI OSTETRICA/O) - VICENZA;L/SNT1;10;109,4;3,2;;;;10;109,4;3,2
;;SCIENZE FARMACEUTICHE APPLICATE - PADOVA;L-29;24;100,9;4,0;6;97,7;3,8;30;100,2;4,0
;;SCIENZE MOTORIE - PADOVA;L-22;43;98,6;3,3;63;97,6;3,6;106;98,0;3,5
;;TECNICA DELLA RIABILITAZIONE PSICHIATRICA (ABILITANTE ALLA PROFESSIONE SANITARIA DI TECNICO DELLA RIABILITAZIONE PSICHIATRICA) - ROVIGO;L/SNT2;10;109,3;3,2;1;106,0;3,2;11;109,0;3,2
;;TECNICHE AUDIOMETRICHE (ABILITANTE ALLA PROFESSIONE SANITARIA DI AUDIOMETRISTA) - VENEZIA;L/SNT3;8;109,5;3,1;2;105,5;3,1;10;108,7;3,1
;;TECNICHE AUDIOPROTESICHE (ABILITANTE ALLA PROFESSIONE SANITARIA DI AUDIOPROTESISTA) - PADOVA;L/SNT3;13;106,5;3,3;13;105,4;3,4;26;106,0;3,3
;;TECNICHE AUDIOPROTESICHE (ABILITANTE ALLA PROFESSIONE SANITARIA DI AUDIOPROTESISTA) - TREVISO;L/SNT3;9;105,8;3,2;8;101,5;3,2;17;103,8;3,2
;;TECNICHE DELLA PREVENZIONE NELL'AMBIENTE E NEI LUOGHI DI LAVORO (ABILITANTE ALLA PROFESSIONE SANITARIA DI TECNICO DELLA PREVENZIONE NELL'AMBIENTE E NEI LUOGHI DI LAVORO) - FELTRE (BL);L/SNT4;5;108,6;3,1;4;109,3;3,1;9;108,9;3,1
;;TECNICHE DELLA PREVENZIONE NELL'AMBIENTE E NEI LUOGHI DI LAVORO (ABILITANTE ALLA PROFESSIONE SANITARIA DI TECNICO DELLA PREVENZIONE NELL'AMBIENTE E NEI LUOGHI DI LAVORO) - PADOVA;L/SNT4;6;109,2;3,1;4;106,5;3,9;10;108,1;3,5
;;TECNICHE DI LABORATORIO BIOMEDICO (ABILITANTE ALLA PROFESSIONE SANITARIA DI TECNICO DI LABORATORIO BIOMEDICO) - PADOVA;L/SNT3;16;109,9;3,2;1;110,0;3,1;17;109,9;3,2
;;TECNICHE DI NEUROFISIOPATOLOGIA (ABILITANTE ALLA PROFESSIONE SANITARIA DI TECNICO DI NEUROFISIOPATOLOGIA) - PADOVA;L/SNT3;4;109,3;3,1;2;108,0;3,1;6;108,8;3,1
;;TECNICHE DI RADIOLOGIA MEDICA, PER IMMAGINI E RADIOTERAPIA (ABILITANTE ALLA PROFESSIONE SANITARIA DI TECNICO DI RADIOLOGIA MEDICA) - PADOVA;L/SNT3;10;108,8;3,2;7;106,1;3,1;17;107,7;3,2
;;TECNICHE DI RADIOLOGIA MEDICA, PER IMMAGINI E RADIOTERAPIA (ABILITANTE ALLA PROFESSIONE SANITARIA DI TECNICO DI RADIOLOGIA MEDICA) - ROVIGO;L/SNT3;8;105,9;3,4;4;105,0;3,1;12;105,6;3,3
;;TECNICHE DI RADIOLOGIA MEDICA, PER IMMAGINI E RADIOTERAPIA (ABILITANTE ALLA PROFESSIONE SANITARIA DI TECNICO DI RADIOLOGIA MEDICA) - TREVISO;L/SNT3;9;106,3;3,2;7;101,4;4,0;16;104,2;3,5
;;TECNICHE DI RADIOLOGIA MEDICA, PER IMMAGINI E RADIOTERAPIA (ABILITANTE ALLA PROFESSIONE SANITARIA DI TECNICO DI RADIOLOGIA MEDICA) - VICENZA;L/SNT3;10;105,9;3,1;3;101,0;3,1;13;104,8;3,1
;;TERAPIA DELLA NEURO E PSICOMOTRICITÀ DELL'ETÀ EVOLUTIVA (ABILITANTE ALLA PROFESSIONE SANITARIA  DI TERAPISTA DELLA NEURO E PSICOMOTRICITÀ DELL'ETÀ EVOLUTIVA) - PADOVA;L/SNT2;11;108,5;3,7;;;;11;108,5;3,7
;;TERAPIA OCCUPAZIONALE (ABILITANTE ALLA PROFESSIONE SANITARIA DI TERAPISTA OCCUPAZIONALE) - CONEGLIANO (TV);L/SNT2;14;105,4;3,3;4;97,5;3,5;18;103,7;3,4
;Corso di Laurea Magistrale;MEDICAL BIOTECHNOLOGIES - PADOVA;LM-9;21;106,0;2,4;15;104,3;2,5;36;105,3;2,4
;;PHARMACEUTICAL BIOTECHNOLOGIES - BIOTECNOLOGIE FARMACEUTICHE - PADOVA;LM-9;19;105,9;2,6;14;106,6;2,5;33;106,2;2,5
;;SCIENZE DELLE PROFESSIONI SANITARIE DELLA PREVENZIONE - PADOVA;LM/SNT4;11;109,6;2,5;7;110,0;2,3;18;109,8;2,4
;;SCIENZE DELLE PROFESSIONI SANITARIE TECNICHE DIAGNOSTICHE - PADOVA;LM/SNT3;17;109,9;1,9;7;110,0;1,9;24;109,9;1,9
;;SCIENZE E TECNICHE DELL'ATTIVITÀ MOTORIA PREVENTIVA E ADATTATA - PADOVA;LM-67;36;106,2;2,5;34;102,9;2,6;70;104,6;2,5
;;SCIENZE INFERMIERISTICHE E OSTETRICHE - PADOVA;LM/SNT1;9;102,2;2,6;9;107,3;2,6;18;104,8;2,6
;;SCIENZE RIABILITATIVE DELLE PROFESSIONI SANITARIE - PADOVA;LM/SNT2;24;109,8;2,2;4;108,5;2,3;28;109,6;2,2
;Laurea Magistrale Ciclo Unico 5 anni;CHIMICA E TECNOLOGIA FARMACEUTICHE - PADOVA;LM-13;27;108,7;5,7;24;105,5;5,7;51;107,2;5,7
;;FARMACIA - PADOVA;LM-13;52;98,7;6,2;21;98,2;6,7;73;98,5;6,4
;Laurea Magistrale Ciclo Unico 6 anni;MEDICINA E CHIRURGIA - PADOVA;LM-41;187;108,9;6,5;160;108,1;6,7;347;108,5;6,6
;;ODONTOIATRIA E PROTESI DENTARIA - PADOVA;LM-46;14;107,5;6,2;13;108,0;6,1;27;107,7;6,1
;Laurea Ciclo Unico 6 anni;MEDICINA E CHIRURGIA - PADOVA;46/S;2;91,5;22,2;;;;2;91,5;22,2
;;MEDICINA E CHIRURGIA 1 - PADOVA;46/S;1;92,0;15,4;;;;1;92,0;15,4
;Corso di Laurea;MEDICINA E CHIRURGIA - PADOVA;;1;95,0;35,6;;;;1;95,0;35,6
Medicina e Chirurgia Totale;;;;1257;103,9;4,0;584;104,0;4,5;1.841;103,9;4,2
Psicologia;Corso di Laurea (DM 270);PSYCHOLOGICAL SCIENCE - SCIENZE PSICOLOGICHE - PADOVA;L-24;66;102,4;3,2;18;97,6;3,3;84;101,4;3,2
;;SCIENZE E TECNICHE PSICOLOGICHE - PADOVA;L-24;57;105,1;3,4;29;101,6;4,0;86;103,9;3,6
;;SCIENZE PSICOLOGICHE COGNITIVE E PSICOBIOLOGICHE - PADOVA;L-24;117;104,1;3,2;41;102,3;3,7;158;103,6;3,3
;;SCIENZE PSICOLOGICHE DELLA PERSONALITÀ E DELLE RELAZIONI INTERPERSONALI - PADOVA;L-24;1;110,0;11,1;2;89,0;8,2;3;96,0;9,2
;;SCIENZE PSICOLOGICHE DELLO SVILUPPO E DELL'EDUCAZIONE - PADOVA;L-24;2;85,5;10,2;;;;2;85,5;10,2
;;SCIENZE PSICOLOGICHE DELLO SVILUPPO, DELLA PERSONALITÀ E DELLE RELAZIONI INTERPERSONALI - PADOVA;L-24;190;105,2;3,2;54;101,5;3,6;244;104,4;3,3
;;SCIENZE PSICOLOGICHE SOCIALI E DEL LAVORO - PADOVA;L-24;115;104,5;3,4;35;103,4;3,6;150;104,2;3,4
;Corso di Laurea (DM 509);SCIENZE PSICOLOGICHE DELLA PERSONALITA' E DELLE RELAZIONI INTERPERSONALI - PADOVA;34;;;;1;103,0;18,0;1;103,0;18,0
;;SCIENZE PSICOLOGICHE DELLO SVILUPPO E DELL'EDUCAZIONE - PADOVA;34;1;99,0;21,7;;;;1;99,0;21,7
;;SCIENZE PSICOLOGICHE SOCIALI E DEL LAVORO - PADOVA;34;1;102,0;19,2;;;;1;102,0;19,2
;Corso di Laurea Magistrale;CLINICAL, SOCIAL AND INTERCULTURAL PSYCHOLOGY - PADOVA;LM-51;16;108,6;2,1;1;110,0;2,1;17;108,7;2,1
;;COGNITIVE NEUROSCIENCE AND CLINICAL NEUROPSYCHOLOGY - PADOVA;LM-51;32;104,5;2,4;10;108,0;2,1;42;105,3;2,3
;;NEUROSCIENZE E RIABILITAZIONE NEUROPSICOLOGICA - PADOVA;LM-51;91;109,0;2,3;17;107,1;2,3;108;108,7;2,3
;;PSICOLOGIA CLINICA - PADOVA;LM-51;107;108,6;2,4;16;107,5;2,5;123;108,5;2,4
;;PSICOLOGIA CLINICA DELLO SVILUPPO - PADOVA;LM-51;132;108,3;2,2;8;108,6;2,1;140;108,3;2,2
;;PSICOLOGIA CLINICO-DINAMICA - PADOVA;LM-51;141;107,5;2,6;30;108,2;2,5;171;107,7;2,6
;;PSICOLOGIA COGNITIVA APPLICATA - PADOVA;LM-51;60;105,7;2,3;34;105,1;2,5;94;105,5;2,4
;;PSICOLOGIA DELLO SVILUPPO E DELL'EDUCAZIONE - PADOVA;LM-51;95;104,4;2,4;12;103,5;2,7;107;104,3;2,4
;;PSICOLOGIA DI COMUNITÀ - PADOVA;LM-51;1;85,0;8,6;1;107,0;8,3;2;96,0;8,4
;;PSICOLOGIA DI COMUNITA', DELLA PROMOZIONE DEL BENESSERE E DEL CAMBIAMENTO SOCIALE - PADOVA;LM-51;62;106,9;2,4;24;104,8;2,6;86;106,3;2,4
;;PSICOLOGIA SOCIALE, DEL LAVORO E DELLA COMUNICAZIONE - PADOVA;LM-51;77;109,1;2,3;21;107,8;2,4;98;108,8;2,4
;Corso di Laurea;PSICOLOGIA - PADOVA;;3;102,7;36,3;;;;3;102,7;36,3
Psicologia Totale;;;;1367;106,2;2,8;354;104,0;3,1;1.721;105,8;2,9
Scienze;Corso di Laurea (DM 270);ASTRONOMIA - PADOVA;L-30;19;97,3;4,2;28;95,9;4,8;47;96,4;4,6
;;BIOLOGIA - PADOVA;L-13;55;100,1;3,3;24;96,7;3,4;79;99,1;3,3
;;BIOLOGIA MOLECOLARE - PADOVA;L-13;30;100,6;3,1;12;101,2;3,3;42;100,7;3,2
;;BIOTECNOLOGIE - PADOVA;L-2;59;102,1;3,3;39;99,9;3,3;98;101,2;3,3
;;CHIMICA - PADOVA;L-27;22;98,7;3,3;36;103,9;3,2;58;101,9;3,3
;;CHIMICA INDUSTRIALE - PADOVA;L-27;11;101,8;3,7;24;101,3;3,5;35;101,5;3,6
;;FISICA - PADOVA;L-30;41;98,9;4,0;97;100,1;4,0;138;99,7;4,0
;;INFORMATICA - PADOVA;L-31;10;99,1;4,3;96;96,6;4,3;106;96,8;4,3
;;MATEMATICA - PADOVA;L-35;44;94,8;4,0;50;101,1;3,7;94;98,2;3,8
;;OTTICA E OPTOMETRIA - PADOVA;L-30;20;97,0;3,9;12;93,2;3,9;32;95,6;3,9
;;SCIENZA DEI MATERIALI - PADOVA;L-27;5;103,8;3,0;17;94,9;4,0;22;97,0;3,8
;;SCIENZE E TECNOLOGIE PER L'AMBIENTE - PADOVA;L-32;15;100,8;3,5;16;99,1;3,6;31;99,9;3,6
;;SCIENZE GEOLOGICHE - PADOVA;L-34;7;96,4;3,5;16;102,3;3,3;23;100,5;3,4
;;SCIENZE NATURALI - PADOVA;L-32;26;102,3;3,4;18;98,8;3,8;44;100,9;3,6
;;STATISTICA PER LE TECNOLOGIE E LE SCIENZE - PADOVA;L-41;22;99,7;3,5;36;101,1;3,7;58;100,6;3,6
;;STATISTICA PER L'ECONOMIA E L'IMPRESA - PADOVA;L-41;58;96,7;3,7;67;98,4;3,8;125;97,6;3,8
;;STATISTICA, ECONOMIA E FINANZA - PADOVA;L-41;1;78,0;10,1;;;;1;78,0;10,1
;Corso di Laurea Magistrale;ASTROPHYSICS AND COSMOLOGY - PADOVA;LM-17,58;31;107,4;2,5;37;108,5;2,6;68;108,0;2,5
;;BIOLOGIA EVOLUZIONISTICA - PADOVA;LM-6;19;108,4;2,6;20;107,5;2,7;39;107,9;2,6
;;BIOLOGIA MARINA - CHIOGGIA (VE);LM-6;3;109,0;3,7;1;110,0;2,4;4;109,3;3,4
;;BIOLOGIA SANITARIA - PADOVA;LM-6;50;109,1;2,3;7;109,6;2,1;57;109,1;2,3
;;BIOTECNOLOGIE INDUSTRIALI - PADOVA;LM-8;34;108,1;2,5;37;106,7;2,6;71;107,4;2,5
;;CHIMICA - PADOVA;LM-54;27;108,6;2,3;32;108,6;2,6;59;108,6;2,5
;;CHIMICA INDUSTRIALE - PADOVA;LM-71;14;106,9;2,6;26;106,3;2,6;40;106,5;2,6
;;COMPUTER SCIENCE - PADOVA;LM-18;6;106,7;2,0;11;108,3;2,2;17;107,7;2,1
;;CYBERSECURITY - PADOVA;LM-66;5;106,8;2,5;23;101,7;2,5;28;102,6;2,5
;;DATA SCIENCE - PADOVA;LM-91;32;102,0;2,4;50;105,3;2,2;82;104,0;2,3
;;FISICA - PADOVA;LM-17;;;;1;110,0;12,7;1;110,0;12,7
;;GEOLOGIA AMBIENTALE E DINAMICA DELLA TERRA - PADOVA;LM-74;6;109,5;1,9;10;109,6;2,0;16;109,6;2,0
;;GEOLOGIA E GEOLOGIA TECNICA - PADOVA;LM-74;2;107,0;1,8;6;100,7;2,5;8;102,3;2,3
;;GEOPHYSICS FOR NATURAL RISKS AND RESOURCES - PADOVA;LM-79;6;110,0;2,4;12;106,0;2,7;18;107,3;2,6
;;INFORMATICA - PADOVA;LM-18;1;102,0;3,9;21;104,4;3,1;22;104,3;3,2
;;MARINE BIOLOGY - CHIOGGIA (VE);LM-6;9;109,4;2,1;5;104,8;2,1;14;107,8;2,1
;;MATEMATICA - PADOVA;LM-40;30;109,0;2,4;46;109,3;2,6;76;109,2;2,5
;;MATHEMATICS - PADOVA;LM-40;;;;1;110,0;1,0;1;110,0;1,0
;;MOLECULAR BIOLOGY - PADOVA;LM-6;34;105,0;2,1;18;108,6;2,1;52;106,3;2,1
;;PHYSICS - PADOVA;LM-17;34;107,2;2,6;71;107,7;2,6;105;107,6;2,6
;;PHYSICS OF DATA - PADOVA;LM-17;9;107,7;2,8;38;107,6;2,6;47;107,6;2,6
;;SCIENZA DEI MATERIALI - PADOVA;LM-53;7;108,4;3,1;22;106,3;2,7;29;106,8;2,8
;;SCIENZE DELLA NATURA - PADOVA;LM-60;12;107,4;2,6;12;108,3;2,9;24;107,8;2,7
;;SCIENZE STATISTICHE - PADOVA;LM-82;34;102,3;2,7;28;104,4;2,6;62;103,3;2,6
;;SUSTAINABLE CHEMISTRY AND TECHNOLOGIES FOR CIRCULAR ECONOMY - PADOVA;LM-71;6;107,3;2,2;11;109,1;2,2;17;108,5;2,2
Scienze Totale;;;;856;102,9;3,0;1.134;102,9;3,2;1.990;102,9;3,1
Scienze Umane, Sociali e del Patrimonio Culturale;Corso di Laurea (DM 270);ARCHEOLOGIA - PADOVA;L-1;16;106,3;3,6;22;103,1;4,1;38;104,4;3,9
;;COMUNICAZIONE - PADOVA;L-20;88;105,6;3,2;56;100,1;3,6;144;103,5;3,4
;;DISCIPLINE DELLE ARTI, DELLA MUSICA E DELLO SPETTACOLO - PADOVA;L-3;69;104,9;3,7;24;103,0;4,0;93;104,4;3,8
;;FILOSOFIA - PADOVA;L-5;46;106,7;3,8;48;106,9;4,1;94;106,8;4,0
;;LETTERE - PADOVA;L-10;110;106,5;3,6;49;106,9;3,8;159;106,6;3,6
;;LINGUE, LETTERATURE E CULTURE MODERNE - PADOVA;L-11;3;99,0;11,7;;;;3;99,0;11,7
;;LINGUE, LETTERATURE E MEDIAZIONE CULTURALE - PADOVA;L-11,12;294;103,4;3,6;43;102,0;3,7;337;103,3;3,6
;;MEDIAZIONE LINGUISTICA E CULTURALE - PADOVA;L-12;4;101,3;9,2;;;;4;101,3;9,2
;;PROGETTAZIONE E GESTIONE DEL TURISMO CULTURALE - PADOVA;L-15;104;102,4;3,7;29;98,4;3,9;133;101,5;3,7
;;SCIENZE DELL'EDUCAZIONE E DELLA FORMAZIONE - PADOVA;L-19;119;99,3;3,6;15;100,4;4,1;134;99,5;3,7
;;SCIENZE DELL'EDUCAZIONE E DELLA FORMAZIONE - ROVIGO;L-19;118;100,9;3,8;6;98,2;4,8;124;100,8;3,8
;;SCIENZE SOCIOLOGICHE - PADOVA;L-40;76;101,1;3,8;28;99,9;3,9;104;100,8;3,8
;;STORIA - PADOVA;L-42;16;107,5;3,9;51;104,8;4,1;67;105,5;4,1
;;STORIA E TUTELA DEI BENI ARTISTICI E MUSICALI - PADOVA;L-1;46;105,7;4,3;11;104,8;3,8;57;105,6;4,2
;Corso di Laurea (DM 509);LETTERE - PADOVA;5;;;;1;97,0;17,0;1;97,0;17,0
;;SCIENZE DELL'EDUCAZIONE - PADOVA;18;1;88,0;16,7;;;;1;88,0;16,7
;;STORIA E TUTELA DEI BENI CULTURALI - PADOVA;13;1;99,0;16,4;;;;1;99,0;16,4
;Corso di Laurea Magistrale;CULTURE, FORMAZIONE E SOCIETÀ GLOBALE - PADOVA;LM-85,88;132;102,9;3,2;15;101,2;3,7;147;102,7;3,2
;;FILOLOGIA MODERNA - FRANCESISTICA E ITALIANISTICA - PADOVA;LM-14;3;101,7;2,4;2;110,0;2,5;5;105,0;2,4
;;FILOLOGIA MODERNA - PADOVA;LM-14;73;108,7;2,8;24;109,5;2,6;97;108,9;2,7
;;LETTERE CLASSICHE E STORIA ANTICA - PADOVA;LM-15;10;109,5;2,7;8;109,5;2,6;18;109,5;2,6
;;LINGUE E LETTERATURE EUROPEE E AMERICANE - PADOVA;LM-37;65;108,8;2,6;13;108,2;2,3;78;108,7;2,6
;;LINGUE MODERNE PER LA COMUNICAZIONE E LA COOPERAZIONE INTERNAZIONALE - PADOVA;LM-38;135;107,3;2,7;9;105,9;2,9;144;107,2;2,7
;;LINGUISTICA - PADOVA;LM-39;60;107,4;2,8;10;104,6;3,5;70;107,0;2,9
;;LOCAL DEVELOPMENT - PADOVA;LM-81;30;106,0;2,4;8;104,4;2,5;38;105,7;2,4
;;MANAGEMENT DEI SERVIZI EDUCATIVI E FORMAZIONE CONTINUA - ROVIGO;LM-50,57;94;105,4;2,7;9;105,2;2,8;103;105,3;2,7
;;MUSICA E ARTI PERFORMATIVE - PADOVA;LM-45;1;110,0;8,3;;;;1;110,0;8,3
;;PEDAGOGIA - PADOVA;LM-85;20;101,0;2,1;1;100,0;2,2;21;100,9;2,2
;;PLURALISMO CULTURALE, MUTAMENTO SOCIALE E MIGRAZIONI - PADOVA;LM-88;17;108,4;2,2;6;108,0;2,1;23;108,3;2,2
;;PROGRAMMAZIONE E GESTIONE DEI SERVIZI EDUCATIVI, SCOLASTICI E FORMATIVI - ROVIGO;LM-50;1;91,0;12,4;;;;1;91,0;12,4
;;SCIENZE ARCHEOLOGICHE - PADOVA;LM-2;19;108,8;2,5;9;108,9;3,1;28;108,9;2,7
;;SCIENZE DELLE RELIGIONI - PADOVA;LM-64;7;108,3;4,3;10;108,1;3,6;17;108,2;3,9
;;SCIENZE DELLO SPETTACOLO E PRODUZIONE MULTIMEDIALE - PADOVA;LM-65;34;108,2;2,7;17;108,2;2,8;51;108,2;2,7
;;SCIENZE FILOSOFICHE - PADOVA;LM-78;18;109,4;3,2;33;109,4;3,1;51;109,4;3,1
;;SCIENZE PER IL PAESAGGIO - PADOVA;LM-80;14;109,4;2,7;6;109,0;2,8;20;109,3;2,7
;;SCIENZE STORICHE - PADOVA;LM-84;30;108,1;3,1;47;107,9;3,0;77;108,0;3,0
;;SCIENZE UMANE E PEDAGOGICHE - PADOVA;LM-85;1;95,0;10,2;;;;1;95,0;10,2
;;STORIA DELL'ARTE - PADOVA;LM-89;32;108,6;3,2;5;105,2;2,9;37;108,1;3,2
;;STRATEGIE DI COMUNICAZIONE - PADOVA;LM-92;78;106,6;2,3;27;103,9;2,5;105;105,9;2,4
;;TECNICHE, PATRIMONIO, TERRITORI DELL'INDUSTRIA - TECHNIQUES, PATRIMOINE, TERRITOIRES DE L'INDUSTRIE - PADOVA;LM-84;9;107,8;2,0;5;110,0;2,0;14;108,6;2,0
;;TURISMO, CULTURA, SOSTENIBILITA' - PADOVA;LM-49;17;108,5;2,2;4;110,0;2,2;21;108,8;2,2
;Laurea Magistrale Ciclo Unico 5 anni;SCIENZE DELLA FORMAZIONE PRIMARIA - PADOVA;LM-85 bis;171;107,3;5,6;10;107,4;5,9;181;107,3;5,6
;Corso di Laurea;SCIENZE DELLA FORMAZIONE PRIMARIA - PADOVA;;2;94,0;18,0;;;;2;94,0;18,0
;;SCIENZE DELL'EDUCAZIONE - PADOVA;;1;97,0;28,9;;;;1;97,0;28,9
Scienze Umane, Sociali e del Patrimonio Culturale Totale;;;;2.185;105,0;3,5;661;104,8;3,5;2.846;105,0;3,5
Ateneo;;;;8.192;103,8;3,4;6417;101,5;3,5;14.609;102,8;3,5
;;;;;;;;;;;;
